CREATE EXTENSION IF NOT EXISTS "pgcrypto";

CREATE TABLE IF NOT EXISTS "User" (
    id UUID PRIMARY KEY DEFAULT gen_random_uuid(),
    username TEXT NOT NULL UNIQUE,
    password TEXT NOT NULL,
    lastLogin TIMESTAMP,
    dateOfBirth DATE NOT NULL,
    firstName TEXT NOT NULL,
    lastName TEXT NOT NULL
);

CREATE TABLE IF NOT EXISTS "Card" (
    id UUID PRIMARY KEY DEFAULT gen_random_uuid(),
    cardNumber TEXT NOT NULL,
    description TEXT,
    expirationDate DATE,
    userId UUID NOT NULL REFERENCES "User"(id) ON DELETE CASCADE
    );

CREATE TABLE IF NOT EXISTS "Transaction" (
    id UUID PRIMARY KEY DEFAULT gen_random_uuid(),
    date TIMESTAMP NOT NULL,
    description TEXT,
    type TEXT CHECK (type IN ('income', 'expense')),
    amount NUMERIC(12,2) NOT NULL,
    cardId UUID NOT NULL REFERENCES "Card"(id) ON DELETE CASCADE
    );

CREATE TABLE IF NOT EXISTS "Transfer" (
    id UUID PRIMARY KEY DEFAULT gen_random_uuid(),
    iban TEXT NOT NULL,
    beneficiary TEXT NOT NULL,
    date TIMESTAMP NOT NULL,
    description TEXT,
    amount NUMERIC(12,2) NOT NULL,
    cardid UUID NOT NULL REFERENCES "Card"(id) ON DELETE CASCADE
    );

DO $$
BEGIN
    IF NOT EXISTS (SELECT 1 FROM "User") THEN
        INSERT INTO "User" (
            id,
            username,
            password,
            dateOfBirth,
            firstName,
            lastName
        )
        VALUES (
            '1b1dd5c6-afe5-4bd7-bb41-1a6b1e9ce8df',
            'federico',
            '$2a$11$123456789012345678901uWV.NuVfHIEZ2er6SgOJg2UJ8U/y7Rqa',
            '1995-03-08',
            'Federico',
            'Ghezzo'
        );
END IF;

    IF NOT EXISTS (SELECT 1 FROM "Card") THEN
        INSERT INTO "Card" 
            (id, cardnumber, description, expirationdate, userid) 
        VALUES
             ('cf9e6485-db96-4942-a07c-65f106d47542', '4111111111111111', 'Visa Platinum', '2025-12-31',  '1b1dd5c6-afe5-4bd7-bb41-1a6b1e9ce8df'),
             ('c39af9fe-604c-4354-b3cb-8f982e9d6007', '5500000000000004', 'MasterCard Gold', '2028-11-30',  '1b1dd5c6-afe5-4bd7-bb41-1a6b1e9ce8df'),
             ('c5a8d57a-cd34-43cd-b199-6ac1e05a631a', '340000000000009', 'American Express', '2026-10-31',  '1b1dd5c6-afe5-4bd7-bb41-1a6b1e9ce8df'),
             ('1c6cb34f-83a4-471f-8dc7-65505e0acfe4', '6011000000000004', 'Discover', '2027-09-30',  '1b1dd5c6-afe5-4bd7-bb41-1a6b1e9ce8df'),
             ('20694efb-1182-4414-9885-e9e92eaf4d32', '4111111111111112', 'Visa Classic', '2027-06-18',  '1b1dd5c6-afe5-4bd7-bb41-1a6b1e9ce8df');
END IF;

 IF NOT EXISTS (SELECT 1 FROM "Transfer") THEN
        INSERT INTO "Transfer" 
            (id, iban, beneficiary, date, description, amount, cardid) 
        VALUES
            ('b1a6e963-9c67-4f4c-8731-dfbc60eaf211', 'IT60X0542811101000000123456', 'Luca Bianchi',       '2024-06-15', 'Affitto giugno',              850.00, 'cf9e6485-db96-4942-a07c-65f106d47542'),
            ('cc60db52-1f3f-4a83-8b75-c3c2ff7b2534', 'IT20B0300203280000400162345', 'Enel Energia',       '2024-07-02', 'Bolletta luce',              120.50, 'cf9e6485-db96-4942-a07c-65f106d47542'),
            ('3d2a4f86-03b3-4f6b-8e37-e116a88b4527', 'IT40S0542811101000000123467', 'Tim S.p.A.',          '2024-08-10', 'Telefono luglio',            45.99,  'c39af9fe-604c-4354-b3cb-8f982e9d6007'),
            ('9fc0c2d3-255b-4343-9a6e-35032f2b89d9', 'IT89A0300203280000400162789', 'Andrea Verdi',        '2024-09-05', 'Prestito personale',         500.00, 'c5a8d57a-cd34-43cd-b199-6ac1e05a631a'),
            ('a55a4375-09c3-4c20-9d92-3cc20728593c', 'IT22P0760105138290760102487', 'Sara Neri',           '2024-10-18', 'Rimborso cena',              90.00,  '1c6cb34f-83a4-471f-8dc7-65505e0acfe4'),
            ('01f8d0bc-7c69-47a2-9865-90e7e3aab10e', 'IT75P0760105138290760102090', 'Vodafone Italia',     '2024-11-22', 'Fattura internet casa',      65.30,  '20694efb-1182-4414-9885-e9e92eaf4d32'),
            ('bff07392-42b3-4602-8bba-9fca456ff2dc', 'IT32C0200805070000102345678', 'Marco Gialli',        '2025-01-09', 'Regalo compleanno',          200.00, 'c39af9fe-604c-4354-b3cb-8f982e9d6007'),
            ('e26b3530-f3cd-4b0e-83d2-9e9e9e6c4a3e', 'IT60X0542811101000000899999', 'Assicurazioni SPA',   '2025-02-15', 'RC Auto',                    530.25, 'c5a8d57a-cd34-43cd-b199-6ac1e05a631a'),
            ('ec0bcbaf-9c20-41ef-9ec8-8d1a74149e4f', 'IT60R0300203280000400162999', 'Comune di Milano',    '2025-03-01', 'Tari annuale',               320.00, '1c6cb34f-83a4-471f-8dc7-65505e0acfe4'),
            ('9ae5288f-8f52-4020-8186-19190e3d6c85', 'IT08D0300203280000400162444', 'Edison S.p.A.',        '2025-04-01', 'Gas marzo',                  140.75, '20694efb-1182-4414-9885-e9e92eaf4d32');
END IF;

    IF NOT EXISTS (SELECT 1 FROM "Transaction") THEN
        INSERT INTO "Transaction" (id, date, description, type, amount, cardid) VALUES
('caf71ae0-8286-488b-b841-fabad4ecb916', '2024-06-03 00:00:00', 'Cinema', 'expense', 27.95, 'cf9e6485-db96-4942-a07c-65f106d47542'),
('d5c299b1-6b18-4e03-a472-2c4649c8b01c', '2024-02-06 00:00:00', 'Abbonamento Palestra', 'expense', 35.87, 'cf9e6485-db96-4942-a07c-65f106d47542'),
('1b1ed13b-f86e-4803-ab7c-0a8440bbae53', '2023-12-12 00:00:00', 'Pagamento Freelance', 'income', 692.08, 'cf9e6485-db96-4942-a07c-65f106d47542'),
('45729368-ca81-4026-8c39-ccfe15a80f07', '2023-09-26 00:00:00', 'Abbonamento Streaming', 'expense', 13.08, 'cf9e6485-db96-4942-a07c-65f106d47542'),
('f6d79bc7-a291-4f52-bd3f-781c7ee533d9', '2024-04-08 00:00:00', 'Stipendio', 'income', 2405.39, 'cf9e6485-db96-4942-a07c-65f106d47542'),
('f86a472f-a2f6-4b5f-b283-e2d53cb7439d', '2025-01-17 00:00:00', 'Spesa', 'expense', 112.47, 'cf9e6485-db96-4942-a07c-65f106d47542'),
('eada67af-c92f-4acf-a14d-7b643e6b9f4b', '2024-12-08 00:00:00', 'Acquisti Online', 'expense', 78.19, 'cf9e6485-db96-4942-a07c-65f106d47542'),
('8c721e59-871e-42c2-b2a4-b7b9cb215d14', '2024-05-11 00:00:00', 'Bolletta Elettrica', 'expense', 124.34, 'cf9e6485-db96-4942-a07c-65f106d47542'),
('4c1a64ca-813f-4e54-86b9-657f1516baa0', '2023-12-20 00:00:00', 'Ristorante', 'expense', 39.48, 'cf9e6485-db96-4942-a07c-65f106d47542'),
('3be948d2-9cd5-4794-97f3-db723fc013d4', '2024-06-09 00:00:00', 'Abbonamento Palestra', 'expense', 46.37, 'cf9e6485-db96-4942-a07c-65f106d47542'),
('bac359b3-05c8-4fce-b36a-1677a825150e', '2025-02-24 00:00:00', 'Abbonamento Streaming', 'expense', 12.25, 'cf9e6485-db96-4942-a07c-65f106d47542'),
('6f0a1d73-702d-4dc7-8cf9-3e8124ba2b20', '2023-06-20 00:00:00', 'Abbonamento Palestra', 'expense', 37.13, 'cf9e6485-db96-4942-a07c-65f106d47542'),
('255d5cfc-16fb-4cd0-b85d-c8f7652a367c', '2024-11-26 00:00:00', 'Benzina', 'expense', 67.8, 'cf9e6485-db96-4942-a07c-65f106d47542'),
('b2e27b5e-c455-49e0-9543-9701a094f970', '2024-06-08 00:00:00', 'Pagamento Freelance', 'income', 200.33, 'cf9e6485-db96-4942-a07c-65f106d47542'),
('f3432e87-a5bf-4c15-b8a0-a56ae803ef07', '2024-08-15 00:00:00', 'Spesa', 'expense', 102.19, 'cf9e6485-db96-4942-a07c-65f106d47542'),
('11f40271-1b4b-4606-9282-07c7cad42725', '2023-12-06 00:00:00', 'Benzina', 'expense', 67.3, 'cf9e6485-db96-4942-a07c-65f106d47542'),
('06689287-1d25-480b-96d1-c607b550a506', '2025-02-03 00:00:00', 'Ristorante', 'expense', 23.7, 'cf9e6485-db96-4942-a07c-65f106d47542'),
('d57f15cc-9164-44f1-8abd-e3d6e6e377bf', '2024-01-28 00:00:00', 'Acquisti Online', 'expense', 83.14, 'cf9e6485-db96-4942-a07c-65f106d47542'),
('5c0e9e39-df4d-43ae-b961-f8eb2a9d2c84', '2024-09-05 00:00:00', 'Abbonamento Palestra', 'expense', 51.36, 'cf9e6485-db96-4942-a07c-65f106d47542'),
('0f74125f-5759-4b5a-bf70-b68178410eb6', '2025-02-26 00:00:00', 'Ristorante', 'expense', 24.13, 'cf9e6485-db96-4942-a07c-65f106d47542'),
('4e995f10-3b5c-4a6d-be1f-48a0d080b19f', '2024-12-13 00:00:00', 'Benzina', 'expense', 46.46, 'cf9e6485-db96-4942-a07c-65f106d47542'),
('87ca22a8-ab36-4b3d-acc8-62d33b1b5619', '2024-05-29 00:00:00', 'Abbonamento Streaming', 'expense', 19.35, 'cf9e6485-db96-4942-a07c-65f106d47542'),
('4eb1f2df-6f76-46ac-9a9a-73b9b969ab70', '2023-10-17 00:00:00', 'Acquisti Online', 'expense', 127.18, 'cf9e6485-db96-4942-a07c-65f106d47542'),
('e1a7865f-c08d-4f92-a13e-eaa929e750ca', '2024-09-30 00:00:00', 'Benzina', 'expense', 32.9, 'cf9e6485-db96-4942-a07c-65f106d47542'),
('5b6a5ce5-d0eb-4edf-8285-33f57226e862', '2024-01-21 00:00:00', 'Abbonamento Palestra', 'expense', 51.23, 'cf9e6485-db96-4942-a07c-65f106d47542'),
('36dc7523-4541-42b9-9ef5-c64246ddd3dc', '2025-02-01 00:00:00', 'Abbonamento Palestra', 'expense', 53.04, 'cf9e6485-db96-4942-a07c-65f106d47542'),
('2b0b3645-b728-4e0c-92d0-88dd7d8d87e1', '2023-10-02 00:00:00', 'Bolletta Elettrica', 'expense', 46.92, 'cf9e6485-db96-4942-a07c-65f106d47542'),
('10163048-554b-47fd-851e-ef6a780e9aeb', '2024-02-24 00:00:00', 'Pagamento Freelance', 'income', 591.02, 'cf9e6485-db96-4942-a07c-65f106d47542'),
('18faa636-26df-47b9-b7a7-07b09feeb5f1', '2024-06-26 00:00:00', 'Pagamento Freelance', 'income', 574.86, 'cf9e6485-db96-4942-a07c-65f106d47542'),
('a0cb9974-3849-45b3-98bf-01aa308754b0', '2023-10-29 00:00:00', 'Pagamento Freelance', 'income', 200.86, 'cf9e6485-db96-4942-a07c-65f106d47542'),
('1233e5ac-237a-4829-a278-6b4c9ac07afb', '2024-03-21 00:00:00', 'Ristorante', 'expense', 21.87, 'cf9e6485-db96-4942-a07c-65f106d47542'),
('af688aa8-1aa4-482c-8b98-a634d9eafc28', '2023-08-29 00:00:00', 'Spesa', 'expense', 97.25, 'cf9e6485-db96-4942-a07c-65f106d47542'),
('3ea5875f-5ad7-4239-8c2f-884b4633c992', '2025-02-21 00:00:00', 'Ristorante', 'expense', 21.78, 'cf9e6485-db96-4942-a07c-65f106d47542'),
('5c008758-6928-4fd2-801b-77640a46f6f3', '2024-06-19 00:00:00', 'Abbonamento Streaming', 'expense', 18.42, 'cf9e6485-db96-4942-a07c-65f106d47542'),
('a75de54e-e66d-44a8-b7a5-aab3304e6e18', '2024-03-17 00:00:00', 'Cinema', 'expense', 12.43, 'cf9e6485-db96-4942-a07c-65f106d47542'),
('6c19bdcb-d5d6-4092-923b-8d67bd69fa92', '2025-01-01 00:00:00', 'Benzina', 'expense', 22.22, 'cf9e6485-db96-4942-a07c-65f106d47542'),
('c7a33441-8e07-44b7-99e0-76ee3ba8acb3', '2023-11-23 00:00:00', 'Ristorante', 'expense', 21.2, 'cf9e6485-db96-4942-a07c-65f106d47542'),
('3844e8a5-6e5b-4b08-9217-696a1a75ff8e', '2023-08-11 00:00:00', 'Abbonamento Streaming', 'expense', 9.89, 'cf9e6485-db96-4942-a07c-65f106d47542'),
('f1a98442-ac89-4d3e-be7f-14797ec19a7d', '2024-10-29 00:00:00', 'Benzina', 'expense', 23.23, 'cf9e6485-db96-4942-a07c-65f106d47542'),
('285d1394-e5d9-48d1-8d3d-8e65a8186896', '2023-09-25 00:00:00', 'Abbonamento Streaming', 'expense', 18.12, 'cf9e6485-db96-4942-a07c-65f106d47542'),
('233b04f0-ab42-4a72-b580-d530476cca90', '2024-04-03 00:00:00', 'Benzina', 'expense', 61.61, 'cf9e6485-db96-4942-a07c-65f106d47542'),
('ea4e5391-ac8d-4d87-a546-7747d6a1392e', '2023-10-07 00:00:00', 'Acquisti Online', 'expense', 60.94, 'cf9e6485-db96-4942-a07c-65f106d47542'),
('400c5e1e-60fd-4220-b922-7b1398c55054', '2024-04-26 00:00:00', 'Stipendio', 'income', 2986.6, 'cf9e6485-db96-4942-a07c-65f106d47542'),
('5e70ae88-752c-42cd-a177-59d766a88cff', '2024-09-13 00:00:00', 'Acquisti Online', 'expense', 184.01, 'cf9e6485-db96-4942-a07c-65f106d47542'),
('812a016a-1399-4df7-81de-de2e45be4475', '2025-01-29 00:00:00', 'Spesa', 'expense', 89.81, 'cf9e6485-db96-4942-a07c-65f106d47542'),
('a6959d0f-69b8-4b62-8ecd-28e883a6c025', '2023-10-08 00:00:00', 'Acquisti Online', 'expense', 195.39, 'cf9e6485-db96-4942-a07c-65f106d47542'),
('331a65a6-7db1-4018-a0df-fe374e16b279', '2024-01-17 00:00:00', 'Abbonamento Palestra', 'expense', 30.16, 'cf9e6485-db96-4942-a07c-65f106d47542'),
('6e509ab8-0801-42cc-b72a-bbb67e779615', '2024-07-27 00:00:00', 'Abbonamento Streaming', 'expense', 11.53, 'cf9e6485-db96-4942-a07c-65f106d47542'),
('6a178fda-2450-4eea-ad39-b0d892fb3525', '2023-10-18 00:00:00', 'Abbonamento Palestra', 'expense', 26.08, 'cf9e6485-db96-4942-a07c-65f106d47542'),
('505cbadc-c1b3-44eb-ab6c-a5f66b966c66', '2023-11-23 00:00:00', 'Ristorante', 'expense', 45.92, 'cf9e6485-db96-4942-a07c-65f106d47542'),
('4383f61a-780d-44be-b80a-658212ea5508', '2024-11-04 00:00:00', 'Pagamento Freelance', 'income', 468.72, 'c39af9fe-604c-4354-b3cb-8f982e9d6007'),
('556eb0d9-b5bb-4c28-8558-22aaa70290ac', '2023-10-22 00:00:00', 'Abbonamento Palestra', 'expense', 32.33, 'c39af9fe-604c-4354-b3cb-8f982e9d6007'),
('fd93c2d8-3b2b-4d40-9130-e475a3366f1d', '2024-05-09 00:00:00', 'Acquisti Online', 'expense', 67.18, 'c39af9fe-604c-4354-b3cb-8f982e9d6007'),
('b5591da0-6407-472a-a395-ea07d8d63267', '2024-04-10 00:00:00', 'Ristorante', 'expense', 32.76, 'c39af9fe-604c-4354-b3cb-8f982e9d6007'),
('bb6c683a-cdcd-4253-81db-460494f2c9c9', '2023-12-12 00:00:00', 'Bolletta Elettrica', 'expense', 42.41, 'c39af9fe-604c-4354-b3cb-8f982e9d6007'),
('e44b2dec-e298-45c6-aa73-3a5bda0b839b', '2024-10-07 00:00:00', 'Ristorante', 'expense', 39.71, 'c39af9fe-604c-4354-b3cb-8f982e9d6007'),
('46e07614-cec3-44b5-a684-ac9e85751299', '2025-04-04 00:00:00', 'Stipendio', 'income', 2975.53, 'c39af9fe-604c-4354-b3cb-8f982e9d6007'),
('a0072837-2fa3-4375-badc-70d18f4d502e', '2024-07-10 00:00:00', 'Ristorante', 'expense', 34.8, 'c39af9fe-604c-4354-b3cb-8f982e9d6007'),
('fe4b091f-a656-47fe-805c-6371bedd7e76', '2023-08-25 00:00:00', 'Abbonamento Palestra', 'expense', 52.06, 'c39af9fe-604c-4354-b3cb-8f982e9d6007'),
('ab93713f-2feb-4624-a66d-511a05199165', '2023-12-23 00:00:00', 'Stipendio', 'income', 1513.98, 'c39af9fe-604c-4354-b3cb-8f982e9d6007'),
('25019c48-e590-41d7-b749-2eaf219aa982', '2025-03-04 00:00:00', 'Benzina', 'expense', 35.41, 'c39af9fe-604c-4354-b3cb-8f982e9d6007'),
('d7b88e9d-194b-4ea0-94bf-610795cc8977', '2023-09-27 00:00:00', 'Ristorante', 'expense', 43.45, 'c39af9fe-604c-4354-b3cb-8f982e9d6007'),
('72c57646-9af6-4df9-a6b2-106da5156406', '2024-09-11 00:00:00', 'Acquisti Online', 'expense', 193.66, 'c39af9fe-604c-4354-b3cb-8f982e9d6007'),
('2832eb69-27ef-4875-86bf-ac5109f10ef4', '2025-02-27 00:00:00', 'Acquisti Online', 'expense', 97.61, 'c39af9fe-604c-4354-b3cb-8f982e9d6007'),
('3f1aafc8-af48-4962-8511-2916376a1d1a', '2024-02-06 00:00:00', 'Acquisti Online', 'expense', 111.22, 'c39af9fe-604c-4354-b3cb-8f982e9d6007'),
('7b71966a-08af-4142-9e03-6c4f7adc99f1', '2023-10-20 00:00:00', 'Ristorante', 'expense', 39.12, 'c39af9fe-604c-4354-b3cb-8f982e9d6007'),
('c5ecd65b-edbb-4397-bd7d-d63089df53bc', '2024-12-21 00:00:00', 'Pagamento Freelance', 'income', 595.63, 'c39af9fe-604c-4354-b3cb-8f982e9d6007'),
('86ffdfaa-2869-4fdb-86ed-baf3d728988a', '2023-09-23 00:00:00', 'Benzina', 'expense', 56.95, 'c39af9fe-604c-4354-b3cb-8f982e9d6007'),
('4528fd9b-22dc-4732-a695-d948985fb06f', '2023-06-11 00:00:00', 'Abbonamento Streaming', 'expense', 19.86, 'c39af9fe-604c-4354-b3cb-8f982e9d6007'),
('79ab6056-72c6-4d48-98ee-7b3712acc62c', '2023-06-22 00:00:00', 'Spesa', 'expense', 116.82, 'c39af9fe-604c-4354-b3cb-8f982e9d6007'),
('51617b09-5525-4944-85f3-b149defe0ee4', '2024-11-25 00:00:00', 'Abbonamento Streaming', 'expense', 19.89, 'c39af9fe-604c-4354-b3cb-8f982e9d6007'),
('4f9c93fc-289d-4cdf-aeb8-2f87be33c7bc', '2025-03-20 00:00:00', 'Benzina', 'expense', 36.66, 'c39af9fe-604c-4354-b3cb-8f982e9d6007'),
('8fbad815-2b1c-4f33-9290-329ba6e9a917', '2024-02-27 00:00:00', 'Cinema', 'expense', 12.06, 'c39af9fe-604c-4354-b3cb-8f982e9d6007'),
('8f64a220-6917-42f9-b1e4-23cf3a658ade', '2023-12-26 00:00:00', 'Bolletta Elettrica', 'expense', 110.82, 'c39af9fe-604c-4354-b3cb-8f982e9d6007'),
('e552f4f2-c16a-40a9-bd0e-bdce2e0b29bc', '2024-11-04 00:00:00', 'Abbonamento Streaming', 'expense', 19.2, 'c39af9fe-604c-4354-b3cb-8f982e9d6007'),
('ba97934a-df1f-4122-8bdb-2861254e7c67', '2023-10-22 00:00:00', 'Abbonamento Palestra', 'expense', 49.18, 'c39af9fe-604c-4354-b3cb-8f982e9d6007'),
('41f771bc-f530-4b73-9c12-2552244c804e', '2024-10-18 00:00:00', 'Acquisti Online', 'expense', 132.01, 'c39af9fe-604c-4354-b3cb-8f982e9d6007'),
('e8b82b3b-4c27-4fbf-8cc6-8cb2ab31b56b', '2024-03-06 00:00:00', 'Benzina', 'expense', 67.15, 'c39af9fe-604c-4354-b3cb-8f982e9d6007'),
('4c374c8b-b793-4445-b5be-9c06dda10abf', '2024-12-10 00:00:00', 'Ristorante', 'expense', 23.16, 'c39af9fe-604c-4354-b3cb-8f982e9d6007'),
('31d49ae9-ff82-4ff3-b29d-20108758afbc', '2024-07-16 00:00:00', 'Spesa', 'expense', 97.75, 'c39af9fe-604c-4354-b3cb-8f982e9d6007'),
('19fae564-3542-4f0c-bcab-542541b13368', '2024-07-21 00:00:00', 'Pagamento Freelance', 'income', 411.94, 'c39af9fe-604c-4354-b3cb-8f982e9d6007'),
('1a033051-910e-4dac-b6d0-b6ca3e24abee', '2024-07-23 00:00:00', 'Abbonamento Streaming', 'expense', 15.57, 'c39af9fe-604c-4354-b3cb-8f982e9d6007'),
('9b49c9ae-6e83-4d26-99c0-00e91bcc4842', '2025-03-17 00:00:00', 'Acquisti Online', 'expense', 38.22, 'c39af9fe-604c-4354-b3cb-8f982e9d6007'),
('e177950a-4906-4c0d-a4ae-a1ba764db48c', '2025-01-30 00:00:00', 'Bolletta Elettrica', 'expense', 93.19, 'c39af9fe-604c-4354-b3cb-8f982e9d6007'),
('9c9ace34-266a-4d85-9b8e-031549572281', '2024-09-14 00:00:00', 'Spesa', 'expense', 37.91, 'c39af9fe-604c-4354-b3cb-8f982e9d6007'),
('1a25bd11-058a-4926-95ec-fd422022149b', '2024-07-31 00:00:00', 'Pagamento Freelance', 'income', 231.77, 'c39af9fe-604c-4354-b3cb-8f982e9d6007'),
('4e50a55b-dec3-451b-9099-84d537045209', '2023-09-25 00:00:00', 'Benzina', 'expense', 54.11, 'c39af9fe-604c-4354-b3cb-8f982e9d6007'),
('ed773840-12a4-45c0-8bb1-a1a4182facc6', '2023-11-05 00:00:00', 'Cinema', 'expense', 22.05, 'c39af9fe-604c-4354-b3cb-8f982e9d6007'),
('7209c8d3-4fc2-4be2-8398-2d99810b4951', '2024-01-31 00:00:00', 'Ristorante', 'expense', 44.99, 'c39af9fe-604c-4354-b3cb-8f982e9d6007'),
('26c70856-6a39-49ea-945b-77e6f4c85b03', '2023-09-27 00:00:00', 'Acquisti Online', 'expense', 56.41, 'c39af9fe-604c-4354-b3cb-8f982e9d6007'),
('9ef80bb4-79a2-43e0-b74b-79c49bd50ccc', '2024-10-18 00:00:00', 'Acquisti Online', 'expense', 185.96, 'c39af9fe-604c-4354-b3cb-8f982e9d6007'),
('5cc19ce5-dd07-4733-8274-9c3d628d91b0', '2023-10-13 00:00:00', 'Stipendio', 'income', 2900.14, 'c39af9fe-604c-4354-b3cb-8f982e9d6007'),
('a219d501-fb9d-4af5-a308-1d8aabf2da5a', '2023-10-04 00:00:00', 'Acquisti Online', 'expense', 68.24, 'c39af9fe-604c-4354-b3cb-8f982e9d6007'),
('a20e941c-b500-4fb8-ab02-a34a47642743', '2023-08-09 00:00:00', 'Bolletta Elettrica', 'expense', 98.16, 'c39af9fe-604c-4354-b3cb-8f982e9d6007'),
('b6b685b5-aad7-4b3d-9195-9d652d9f0499', '2024-03-28 00:00:00', 'Spesa', 'expense', 90.58, 'c39af9fe-604c-4354-b3cb-8f982e9d6007'),
('14cf76b0-c9e8-4063-b979-44135f4c762c', '2025-01-18 00:00:00', 'Acquisti Online', 'expense', 98.39, 'c39af9fe-604c-4354-b3cb-8f982e9d6007'),
('84dc3224-a482-4dbb-919b-a471fd272fdd', '2024-04-19 00:00:00', 'Ristorante', 'expense', 18.2, 'c39af9fe-604c-4354-b3cb-8f982e9d6007'),
('8c5db9b0-a88c-409c-8e49-02a0a02053d9', '2024-06-06 00:00:00', 'Abbonamento Streaming', 'expense', 14.39, 'c39af9fe-604c-4354-b3cb-8f982e9d6007'),
('61eae7e8-0c05-4db2-8982-bac5d6f9ff76', '2024-08-15 00:00:00', 'Cinema', 'expense', 23.23, 'c39af9fe-604c-4354-b3cb-8f982e9d6007'),
('0ca8106b-9442-4c0b-95f3-f075878cada5', '2024-11-02 00:00:00', 'Bolletta Elettrica', 'expense', 121.86, 'c39af9fe-604c-4354-b3cb-8f982e9d6007'),
('fc49e132-bb83-41e9-a638-7cce31b35666', '2023-10-05 00:00:00', 'Acquisti Online', 'expense', 189.61, 'c5a8d57a-cd34-43cd-b199-6ac1e05a631a'),
('60222521-fae5-4e69-bc57-4309b3ad8368', '2023-08-31 00:00:00', 'Abbonamento Streaming', 'expense', 17.16, 'c5a8d57a-cd34-43cd-b199-6ac1e05a631a'),
('d251d5ce-9d4a-4343-92f9-09c89f52c115', '2024-02-17 00:00:00', 'Acquisti Online', 'expense', 55.23, 'c5a8d57a-cd34-43cd-b199-6ac1e05a631a'),
('b17157f0-11f3-4698-b983-4e0b651e2d2a', '2024-10-21 00:00:00', 'Spesa', 'expense', 113.97, 'c5a8d57a-cd34-43cd-b199-6ac1e05a631a'),
('35b4e9e1-bafc-4703-8400-02233dc74719', '2023-06-24 00:00:00', 'Spesa', 'expense', 48.75, 'c5a8d57a-cd34-43cd-b199-6ac1e05a631a'),
('cd672ad0-4715-4bfb-b6f0-25cd08d2d9dd', '2025-01-21 00:00:00', 'Acquisti Online', 'expense', 76.7, 'c5a8d57a-cd34-43cd-b199-6ac1e05a631a'),
('72b9d291-e1ea-46e9-96a0-62fa652ba4a8', '2024-09-21 00:00:00', 'Acquisti Online', 'expense', 49.89, 'c5a8d57a-cd34-43cd-b199-6ac1e05a631a'),
('7b8119e3-7ed1-4319-a95f-1601917eb732', '2023-10-08 00:00:00', 'Bolletta Elettrica', 'expense', 104.14, 'c5a8d57a-cd34-43cd-b199-6ac1e05a631a'),
('a23e0fe2-3862-486f-a5c1-76bddb078e88', '2023-06-09 00:00:00', 'Abbonamento Streaming', 'expense', 8.22, 'c5a8d57a-cd34-43cd-b199-6ac1e05a631a'),
('c75e3a15-dac2-4fdb-a674-5e1601354156', '2024-07-03 00:00:00', 'Cinema', 'expense', 23.31, 'c5a8d57a-cd34-43cd-b199-6ac1e05a631a'),
('6ae5c6ef-e8b0-4e3b-934c-e091000042be', '2024-12-01 00:00:00', 'Benzina', 'expense', 45.91, 'c5a8d57a-cd34-43cd-b199-6ac1e05a631a'),
('913123be-ff79-4317-b5b0-17b9589860a4', '2024-07-10 00:00:00', 'Abbonamento Streaming', 'expense', 16.91, 'c5a8d57a-cd34-43cd-b199-6ac1e05a631a'),
('2d306c5f-3448-40fa-91e4-1501755deb19', '2023-10-28 00:00:00', 'Spesa', 'expense', 79.4, 'c5a8d57a-cd34-43cd-b199-6ac1e05a631a'),
('200c1c72-24df-4ffd-88e7-6560d1bff9ad', '2025-03-25 00:00:00', 'Abbonamento Streaming', 'expense', 16.26, 'c5a8d57a-cd34-43cd-b199-6ac1e05a631a'),
('e65eec3a-76c7-469f-bd7b-58a1361c7681', '2023-08-01 00:00:00', 'Ristorante', 'expense', 33.47, 'c5a8d57a-cd34-43cd-b199-6ac1e05a631a'),
('adf51cf1-9739-4c6a-a421-3fa438c02b8b', '2024-07-04 00:00:00', 'Bolletta Elettrica', 'expense', 103.68, 'c5a8d57a-cd34-43cd-b199-6ac1e05a631a'),
('2e6828fc-cb51-431d-b677-5315d7349e37', '2025-02-12 00:00:00', 'Cinema', 'expense', 28.23, 'c5a8d57a-cd34-43cd-b199-6ac1e05a631a'),
('71e10204-ff43-40b5-b971-8653a244585a', '2024-05-24 00:00:00', 'Stipendio', 'income', 1966.7, 'c5a8d57a-cd34-43cd-b199-6ac1e05a631a'),
('beaa17d9-995b-4ec4-8ca9-033427839a31', '2023-10-07 00:00:00', 'Abbonamento Palestra', 'expense', 25.09, 'c5a8d57a-cd34-43cd-b199-6ac1e05a631a'),
('9e40094d-5430-4b36-8576-d208fda773a5', '2024-08-15 00:00:00', 'Acquisti Online', 'expense', 84.53, 'c5a8d57a-cd34-43cd-b199-6ac1e05a631a'),
('cc9e517d-6de0-485b-b341-2519e8a3959f', '2024-04-15 00:00:00', 'Stipendio', 'income', 2596.66, 'c5a8d57a-cd34-43cd-b199-6ac1e05a631a'),
('d0a5c38a-9e4a-4441-92e6-ddb85086642b', '2024-11-03 00:00:00', 'Ristorante', 'expense', 47.35, 'c5a8d57a-cd34-43cd-b199-6ac1e05a631a'),
('7c12fb3e-c32e-4937-9174-a0daeaec3814', '2025-03-02 00:00:00', 'Abbonamento Palestra', 'expense', 29.2, 'c5a8d57a-cd34-43cd-b199-6ac1e05a631a'),
('506f55e2-8d44-428e-9d64-e0fdf3c85311', '2024-10-06 00:00:00', 'Ristorante', 'expense', 26.71, 'c5a8d57a-cd34-43cd-b199-6ac1e05a631a'),
('9129aedb-7e2b-4b2a-9fd2-f1df2304e95a', '2024-02-03 00:00:00', 'Acquisti Online', 'expense', 57.69, 'c5a8d57a-cd34-43cd-b199-6ac1e05a631a'),
('497489b1-fc22-4933-8e2e-6aa5255e5bde', '2024-10-12 00:00:00', 'Benzina', 'expense', 42.47, 'c5a8d57a-cd34-43cd-b199-6ac1e05a631a'),
('bb979c2f-887a-4c84-9027-19475161eb82', '2024-02-02 00:00:00', 'Acquisti Online', 'expense', 79.23, 'c5a8d57a-cd34-43cd-b199-6ac1e05a631a'),
('8d8b35b7-d9f4-4d1b-a4e8-649034987602', '2023-09-23 00:00:00', 'Stipendio', 'income', 1823.64, 'c5a8d57a-cd34-43cd-b199-6ac1e05a631a'),
('f272c6a3-2218-4279-9a5d-3c373109d6c3', '2023-11-23 00:00:00', 'Spesa', 'expense', 58.73, 'c5a8d57a-cd34-43cd-b199-6ac1e05a631a'),
('7ce4c58e-70ce-4f07-aa73-3a77c6b3f096', '2023-08-24 00:00:00', 'Acquisti Online', 'expense', 168.74, 'c5a8d57a-cd34-43cd-b199-6ac1e05a631a'),
('da0a5610-1fe9-4a1b-aa03-ba9a88220795', '2024-03-10 00:00:00', 'Abbonamento Palestra', 'expense', 56.22, 'c5a8d57a-cd34-43cd-b199-6ac1e05a631a'),
('586bc1e2-08c1-4a9e-bca6-10cdbbd622c4', '2024-04-01 00:00:00', 'Benzina', 'expense', 20.26, 'c5a8d57a-cd34-43cd-b199-6ac1e05a631a'),
('a22a65a8-79b7-4b5b-903c-39bc955801af', '2023-09-21 00:00:00', 'Abbonamento Streaming', 'expense', 11.76, 'c5a8d57a-cd34-43cd-b199-6ac1e05a631a'),
('248b30a7-dbd5-439e-b69f-ab632b53d594', '2024-09-17 00:00:00', 'Ristorante', 'expense', 39.81, 'c5a8d57a-cd34-43cd-b199-6ac1e05a631a'),
('68a4c943-30a6-475d-8355-52841f280dc1', '2025-03-07 00:00:00', 'Abbonamento Palestra', 'expense', 27.93, 'c5a8d57a-cd34-43cd-b199-6ac1e05a631a'),
('40f55c5e-f8da-4caa-bcee-8cd7192dcbd4', '2023-08-23 00:00:00', 'Benzina', 'expense', 65.85, 'c5a8d57a-cd34-43cd-b199-6ac1e05a631a'),
('ff0cd6c4-297c-4ff2-9f2a-822d4b7884a6', '2025-01-22 00:00:00', 'Abbonamento Palestra', 'expense', 48.53, 'c5a8d57a-cd34-43cd-b199-6ac1e05a631a'),
('57f3d949-7527-4824-89a9-2680ba982445', '2024-01-23 00:00:00', 'Bolletta Elettrica', 'expense', 134.96, 'c5a8d57a-cd34-43cd-b199-6ac1e05a631a'),
('16aa1c81-dab4-461c-aec3-7663d3acb5f9', '2024-11-11 00:00:00', 'Benzina', 'expense', 23.16, 'c5a8d57a-cd34-43cd-b199-6ac1e05a631a'),
('0bff21c7-0e0c-47c9-8ab0-ac07e063058a', '2023-11-14 00:00:00', 'Abbonamento Streaming', 'expense', 12.53, 'c5a8d57a-cd34-43cd-b199-6ac1e05a631a'),
('8c19650d-6208-42af-aa06-4f695c2e2574', '2024-03-05 00:00:00', 'Bolletta Elettrica', 'expense', 123.07, 'c5a8d57a-cd34-43cd-b199-6ac1e05a631a'),
('0ce4add1-2966-41c6-b238-2001c893d927', '2023-11-05 00:00:00', 'Acquisti Online', 'expense', 146.4, 'c5a8d57a-cd34-43cd-b199-6ac1e05a631a'),
('53fab627-48de-4553-b380-563e7dcd9721', '2024-05-22 00:00:00', 'Acquisti Online', 'expense', 79.94, 'c5a8d57a-cd34-43cd-b199-6ac1e05a631a'),
('3ba26e71-aa71-457c-93a7-008f68ad9f21', '2024-12-16 00:00:00', 'Ristorante', 'expense', 21.59, 'c5a8d57a-cd34-43cd-b199-6ac1e05a631a'),
('1d3e6dfa-ef2e-47c1-aebc-4fffb6aa3be4', '2023-12-19 00:00:00', 'Pagamento Freelance', 'income', 790.36, 'c5a8d57a-cd34-43cd-b199-6ac1e05a631a'),
('f1f916e0-e963-48ec-9721-3aa44a4a6a86', '2024-02-27 00:00:00', 'Abbonamento Palestra', 'expense', 42.81, 'c5a8d57a-cd34-43cd-b199-6ac1e05a631a'),
('12405185-b312-44a0-ae8c-4df147a3450c', '2024-08-05 00:00:00', 'Abbonamento Streaming', 'expense', 14.89, 'c5a8d57a-cd34-43cd-b199-6ac1e05a631a'),
('bccbab6f-b3d7-4173-9c21-648e11b135d5', '2025-01-11 00:00:00', 'Stipendio', 'income', 2020.02, 'c5a8d57a-cd34-43cd-b199-6ac1e05a631a'),
('4631f806-bbae-4369-a674-fe641f02149a', '2024-01-17 00:00:00', 'Cinema', 'expense', 13.43, 'c5a8d57a-cd34-43cd-b199-6ac1e05a631a'),
('1f846163-7cb3-4da2-8c33-1481e51c3c9c', '2024-04-23 00:00:00', 'Abbonamento Streaming', 'expense', 10.92, 'c5a8d57a-cd34-43cd-b199-6ac1e05a631a'),
('6b6c35c4-1923-4df9-80ed-1f207968db71', '2024-07-04 00:00:00', 'Abbonamento Streaming', 'expense', 12.48, '1c6cb34f-83a4-471f-8dc7-65505e0acfe4'),
('8801b7e7-cd35-4083-8730-1c95f0b6b004', '2023-12-27 00:00:00', 'Stipendio', 'income', 2896.29, '1c6cb34f-83a4-471f-8dc7-65505e0acfe4'),
('b846fc8f-9fa4-4ece-a02a-a5cf4dace8b8', '2025-02-05 00:00:00', 'Benzina', 'expense', 66.35, '1c6cb34f-83a4-471f-8dc7-65505e0acfe4'),
('18d44f12-b03b-4a1b-9974-514a18678dfc', '2023-07-21 00:00:00', 'Acquisti Online', 'expense', 95.89, '1c6cb34f-83a4-471f-8dc7-65505e0acfe4'),
('c5e55522-d4b8-438e-ac0c-7c7d80a4ac84', '2023-09-30 00:00:00', 'Spesa', 'expense', 87.65, '1c6cb34f-83a4-471f-8dc7-65505e0acfe4'),
('a1423183-81da-44cf-b7a4-c33eaa020dd7', '2025-02-23 00:00:00', 'Acquisti Online', 'expense', 185.79, '1c6cb34f-83a4-471f-8dc7-65505e0acfe4'),
('9de1ca21-4b6c-444d-b1fa-d47051f8b8e1', '2024-12-12 00:00:00', 'Abbonamento Streaming', 'expense', 15.1, '1c6cb34f-83a4-471f-8dc7-65505e0acfe4'),
('3ce12cf4-5eeb-4c50-a4fa-da1bcacd6aff', '2024-01-07 00:00:00', 'Abbonamento Palestra', 'expense', 35.46, '1c6cb34f-83a4-471f-8dc7-65505e0acfe4'),
('f05695d5-b134-49ff-9060-45ead6bf25ad', '2023-08-12 00:00:00', 'Abbonamento Palestra', 'expense', 47.29, '1c6cb34f-83a4-471f-8dc7-65505e0acfe4'),
('c6445e66-7357-46ef-8137-5a649eced283', '2024-06-27 00:00:00', 'Spesa', 'expense', 50.92, '1c6cb34f-83a4-471f-8dc7-65505e0acfe4'),
('04eff558-1a28-4c00-ba1b-e7051f4c017d', '2025-02-18 00:00:00', 'Spesa', 'expense', 77.32, '1c6cb34f-83a4-471f-8dc7-65505e0acfe4'),
('78da5397-fd0d-41d9-bfb0-fc5da7850e5f', '2023-06-19 00:00:00', 'Spesa', 'expense', 52.69, '1c6cb34f-83a4-471f-8dc7-65505e0acfe4'),
('1acb9a53-0b4c-40a2-908c-24e08a37f85b', '2024-11-22 00:00:00', 'Benzina', 'expense', 22.95, '1c6cb34f-83a4-471f-8dc7-65505e0acfe4'),
('3e799a1a-1c8a-48cb-81b9-a79659a9eff0', '2023-09-25 00:00:00', 'Bolletta Elettrica', 'expense', 122.73, '1c6cb34f-83a4-471f-8dc7-65505e0acfe4'),
('d4522876-615c-46ae-af34-9af3f03481ae', '2024-07-23 00:00:00', 'Bolletta Elettrica', 'expense', 128.78, '1c6cb34f-83a4-471f-8dc7-65505e0acfe4'),
('986b22b1-51db-4fc7-963c-5e9d7f33d0e4', '2024-03-10 00:00:00', 'Acquisti Online', 'expense', 100.64, '1c6cb34f-83a4-471f-8dc7-65505e0acfe4'),
('20deef5b-e429-4dad-8408-61ca430fcff0', '2024-10-06 00:00:00', 'Pagamento Freelance', 'income', 773.19, '1c6cb34f-83a4-471f-8dc7-65505e0acfe4'),
('35076f95-f56c-45c5-8412-d98badf78ad2', '2023-12-30 00:00:00', 'Ristorante', 'expense', 36.07, '1c6cb34f-83a4-471f-8dc7-65505e0acfe4'),
('83459423-4e42-434b-b172-37408dd1ffb1', '2024-06-23 00:00:00', 'Stipendio', 'income', 2018.9, '1c6cb34f-83a4-471f-8dc7-65505e0acfe4'),
('62025313-1ae5-4019-8b29-a491d132c4d7', '2024-03-17 00:00:00', 'Acquisti Online', 'expense', 85.58, '1c6cb34f-83a4-471f-8dc7-65505e0acfe4'),
('03e3e6b1-aee7-4ba3-a6fa-988ecabdb9c7', '2023-10-20 00:00:00', 'Bolletta Elettrica', 'expense', 70.81, '1c6cb34f-83a4-471f-8dc7-65505e0acfe4'),
('f7469e48-f729-4848-a30f-afed59667659', '2024-08-15 00:00:00', 'Acquisti Online', 'expense', 77.19, '1c6cb34f-83a4-471f-8dc7-65505e0acfe4'),
('d4bddc01-182b-4ca6-a315-f80d6dd55892', '2024-09-09 00:00:00', 'Abbonamento Palestra', 'expense', 33.54, '1c6cb34f-83a4-471f-8dc7-65505e0acfe4'),
('2fbad25c-9740-4a6c-9350-4241b7f5491f', '2025-04-01 00:00:00', 'Acquisti Online', 'expense', 37.49, '1c6cb34f-83a4-471f-8dc7-65505e0acfe4'),
('70d6c961-b7c2-4b80-97c5-710d618fb3af', '2024-04-20 00:00:00', 'Spesa', 'expense', 88.15, '1c6cb34f-83a4-471f-8dc7-65505e0acfe4'),
('a6d72a50-f4ed-49e1-a79f-7417414144bf', '2025-02-11 00:00:00', 'Acquisti Online', 'expense', 93.09, '1c6cb34f-83a4-471f-8dc7-65505e0acfe4'),
('21825303-faaa-4684-bd5b-ea53a83c827b', '2025-03-24 00:00:00', 'Abbonamento Streaming', 'expense', 8.76, '1c6cb34f-83a4-471f-8dc7-65505e0acfe4'),
('8885cacb-a324-4319-a8d4-2ad54d8b7150', '2023-11-18 00:00:00', 'Stipendio', 'income', 1825.46, '1c6cb34f-83a4-471f-8dc7-65505e0acfe4'),
('5e300f59-63cf-472c-8617-9eb628e50908', '2024-02-10 00:00:00', 'Abbonamento Palestra', 'expense', 25.68, '1c6cb34f-83a4-471f-8dc7-65505e0acfe4'),
('b5b47371-b55c-4403-b28a-fc724857c5ab', '2024-06-01 00:00:00', 'Cinema', 'expense', 20.57, '1c6cb34f-83a4-471f-8dc7-65505e0acfe4'),
('2a2b6519-bf0b-4b8d-8759-df3d9855b196', '2023-12-09 00:00:00', 'Pagamento Freelance', 'income', 667.1, '1c6cb34f-83a4-471f-8dc7-65505e0acfe4'),
('07725d20-e7d4-473d-b8c8-45e3a794a53e', '2024-10-29 00:00:00', 'Bolletta Elettrica', 'expense', 65.72, '1c6cb34f-83a4-471f-8dc7-65505e0acfe4'),
('4c479cad-39d0-49af-b418-dbf6c256c733', '2024-02-13 00:00:00', 'Acquisti Online', 'expense', 60.79, '1c6cb34f-83a4-471f-8dc7-65505e0acfe4'),
('e12941a9-a11b-41c9-877d-ef6f659cc718', '2024-05-17 00:00:00', 'Ristorante', 'expense', 39.81, '1c6cb34f-83a4-471f-8dc7-65505e0acfe4'),
('f3406cd4-314c-4da0-a081-572ced57e99c', '2023-09-29 00:00:00', 'Pagamento Freelance', 'income', 639.89, '1c6cb34f-83a4-471f-8dc7-65505e0acfe4'),
('bee5c467-bb03-4d19-bcee-03a5a58f55e2', '2024-11-26 00:00:00', 'Spesa', 'expense', 100.38, '1c6cb34f-83a4-471f-8dc7-65505e0acfe4'),
('55cb30df-f220-4cd9-9781-5e1ccc5d61eb', '2025-02-17 00:00:00', 'Cinema', 'expense', 16.8, '1c6cb34f-83a4-471f-8dc7-65505e0acfe4'),
('59093327-7c4c-40b9-b5ea-c073c1e0330c', '2024-12-24 00:00:00', 'Pagamento Freelance', 'income', 487.64, '1c6cb34f-83a4-471f-8dc7-65505e0acfe4'),
('271c7c47-9c35-41d5-8c08-4292f3eed31a', '2024-01-18 00:00:00', 'Pagamento Freelance', 'income', 515.7, '1c6cb34f-83a4-471f-8dc7-65505e0acfe4'),
('18a86d04-9439-435e-8480-b1537a876ea4', '2023-07-04 00:00:00', 'Ristorante', 'expense', 21.3, '1c6cb34f-83a4-471f-8dc7-65505e0acfe4'),
('65edeb40-1471-49bc-ad22-db16f32af1be', '2023-10-13 00:00:00', 'Ristorante', 'expense', 21.08, '1c6cb34f-83a4-471f-8dc7-65505e0acfe4'),
('ee249470-4457-40d3-9d09-d0dbc3c37422', '2024-08-20 00:00:00', 'Abbonamento Palestra', 'expense', 41.0, '1c6cb34f-83a4-471f-8dc7-65505e0acfe4'),
('3ccfb512-a5ca-415e-a7ab-df98ea5b1e12', '2024-08-17 00:00:00', 'Stipendio', 'income', 2364.72, '1c6cb34f-83a4-471f-8dc7-65505e0acfe4'),
('38914c21-a2d9-49de-9374-92eb48db21b4', '2023-12-09 00:00:00', 'Cinema', 'expense', 23.73, '1c6cb34f-83a4-471f-8dc7-65505e0acfe4'),
('d25b05a3-1ad4-4c07-bcdb-c8cb865e46f7', '2023-11-24 00:00:00', 'Abbonamento Palestra', 'expense', 42.71, '1c6cb34f-83a4-471f-8dc7-65505e0acfe4'),
('4d6bebb7-093c-44ce-93a8-f693c4ac8850', '2023-10-15 00:00:00', 'Spesa', 'expense', 75.53, '1c6cb34f-83a4-471f-8dc7-65505e0acfe4'),
('202446a9-dc2c-4458-b8d9-2bca4f6cfafc', '2024-02-08 00:00:00', 'Abbonamento Palestra', 'expense', 44.26, '1c6cb34f-83a4-471f-8dc7-65505e0acfe4'),
('b42a58f8-d111-4c95-bd0c-8a2311dfd3d1', '2024-03-20 00:00:00', 'Ristorante', 'expense', 25.77, '1c6cb34f-83a4-471f-8dc7-65505e0acfe4'),
('a1e8e8b0-d010-4bf7-b9df-648199a7389d', '2024-03-04 00:00:00', 'Pagamento Freelance', 'income', 765.82, '1c6cb34f-83a4-471f-8dc7-65505e0acfe4'),
('215a0fdd-1202-4251-9082-f49479856606', '2023-10-18 00:00:00', 'Abbonamento Palestra', 'expense', 26.73, '1c6cb34f-83a4-471f-8dc7-65505e0acfe4'),
('21fa31e6-2212-479f-bc06-dc4832250200', '2025-04-03 00:00:00', 'Abbonamento Palestra', 'expense', 25.13, '20694efb-1182-4414-9885-e9e92eaf4d32'),
('b0a22269-1315-4c42-837c-b4019b22f60f', '2024-02-22 00:00:00', 'Spesa', 'expense', 42.31, '20694efb-1182-4414-9885-e9e92eaf4d32'),
('59cb4821-3aba-49b4-9d56-f8f4b0b9dace', '2023-08-13 00:00:00', 'Benzina', 'expense', 66.02, '20694efb-1182-4414-9885-e9e92eaf4d32'),
('7e369e11-fa5d-4db7-bdef-34b3da257aff', '2023-06-18 00:00:00', 'Spesa', 'expense', 51.7, '20694efb-1182-4414-9885-e9e92eaf4d32'),
('c5d50efe-4261-41f4-9b1c-a773b64767cc', '2024-10-04 00:00:00', 'Benzina', 'expense', 43.99, '20694efb-1182-4414-9885-e9e92eaf4d32'),
('f292b629-95c0-447b-b487-20d8c3aac868', '2025-02-16 00:00:00', 'Abbonamento Palestra', 'expense', 39.64, '20694efb-1182-4414-9885-e9e92eaf4d32'),
('7c0df754-0359-4c87-96f3-3894d78718a9', '2024-01-04 00:00:00', 'Spesa', 'expense', 71.14, '20694efb-1182-4414-9885-e9e92eaf4d32'),
('90ce4e68-ab39-4363-ac02-b30457f10716', '2024-10-15 00:00:00', 'Ristorante', 'expense', 21.98, '20694efb-1182-4414-9885-e9e92eaf4d32'),
('e555e447-4d3b-4548-a08b-825bf4b5dfa6', '2024-11-22 00:00:00', 'Ristorante', 'expense', 41.01, '20694efb-1182-4414-9885-e9e92eaf4d32'),
('3137829a-6a47-48bd-b1f3-7a7057485c0c', '2023-12-21 00:00:00', 'Benzina', 'expense', 56.1, '20694efb-1182-4414-9885-e9e92eaf4d32'),
('913e577c-f587-443e-a347-6b2e1797bac8', '2024-03-13 00:00:00', 'Spesa', 'expense', 41.8, '20694efb-1182-4414-9885-e9e92eaf4d32'),
('5f566e69-8773-4ee3-a1f2-ffad9d0af0be', '2023-07-23 00:00:00', 'Bolletta Elettrica', 'expense', 144.28, '20694efb-1182-4414-9885-e9e92eaf4d32'),
('295a2c17-a8c7-43ce-bb29-a58588fde2e0', '2023-12-09 00:00:00', 'Ristorante', 'expense', 29.96, '20694efb-1182-4414-9885-e9e92eaf4d32'),
('64f6268e-0e43-415e-b3c3-79c985b5f47a', '2024-12-05 00:00:00', 'Abbonamento Palestra', 'expense', 47.3, '20694efb-1182-4414-9885-e9e92eaf4d32'),
('ae1bc990-2c7a-450e-beee-6db6a2ed5315', '2024-09-21 00:00:00', 'Benzina', 'expense', 46.12, '20694efb-1182-4414-9885-e9e92eaf4d32'),
('3056a636-596a-45a2-bb37-dcc1a1cabf9d', '2024-02-13 00:00:00', 'Abbonamento Streaming', 'expense', 12.29, '20694efb-1182-4414-9885-e9e92eaf4d32'),
('cd1129f8-8824-4095-9fc5-06d46506575c', '2023-12-09 00:00:00', 'Acquisti Online', 'expense', 80.06, '20694efb-1182-4414-9885-e9e92eaf4d32'),
('8e31aefb-0a37-4caf-93dc-7d7a7a2ea5a2', '2023-07-03 00:00:00', 'Acquisti Online', 'expense', 89.22, '20694efb-1182-4414-9885-e9e92eaf4d32'),
('c241ae85-d9e6-47be-8086-f16385ff6c79', '2023-11-05 00:00:00', 'Cinema', 'expense', 17.38, '20694efb-1182-4414-9885-e9e92eaf4d32'),
('f0801684-7cef-4422-b4fc-79d56e887c9b', '2023-11-14 00:00:00', 'Bolletta Elettrica', 'expense', 94.74, '20694efb-1182-4414-9885-e9e92eaf4d32'),
('f2fd19f6-672b-4711-9338-85aa8b0ba6a2', '2024-02-29 00:00:00', 'Abbonamento Palestra', 'expense', 29.08, '20694efb-1182-4414-9885-e9e92eaf4d32'),
('65731fe0-3b8a-4e44-a1bb-6e6e4f4aeb5c', '2024-10-23 00:00:00', 'Pagamento Freelance', 'income', 435.48, '20694efb-1182-4414-9885-e9e92eaf4d32'),
('6d06f514-030f-4adc-916a-c81dc1f81f7a', '2023-06-29 00:00:00', 'Abbonamento Streaming', 'expense', 15.85, '20694efb-1182-4414-9885-e9e92eaf4d32'),
('f26f6714-6ee4-4a41-9742-26837d7da6db', '2023-09-13 00:00:00', 'Pagamento Freelance', 'income', 372.12, '20694efb-1182-4414-9885-e9e92eaf4d32'),
('3e56ee1f-5137-48d2-8690-0386eb675526', '2024-01-09 00:00:00', 'Bolletta Elettrica', 'expense', 60.91, '20694efb-1182-4414-9885-e9e92eaf4d32'),
('ed85c7e6-3bf6-4a08-897c-8ca1367627de', '2023-12-13 00:00:00', 'Spesa', 'expense', 33.82, '20694efb-1182-4414-9885-e9e92eaf4d32'),
('dabf9c15-55c8-4ab8-b2a0-40e076453a5f', '2024-12-17 00:00:00', 'Cinema', 'expense', 10.23, '20694efb-1182-4414-9885-e9e92eaf4d32'),
('b5872b78-9116-4924-bfb4-4a6c70f44941', '2024-06-20 00:00:00', 'Acquisti Online', 'expense', 156.44, '20694efb-1182-4414-9885-e9e92eaf4d32'),
('054266aa-02e2-4573-aea0-00ccd3740249', '2024-09-23 00:00:00', 'Stipendio', 'income', 2100.71, '20694efb-1182-4414-9885-e9e92eaf4d32'),
('e953fbcc-e41d-4983-ada8-9ceb9a98862d', '2025-01-04 00:00:00', 'Pagamento Freelance', 'income', 739.27, '20694efb-1182-4414-9885-e9e92eaf4d32'),
('1e11a062-6a1d-4082-b113-ca7583e6b0b8', '2024-10-28 00:00:00', 'Bolletta Elettrica', 'expense', 122.39, '20694efb-1182-4414-9885-e9e92eaf4d32'),
('e2c95f0f-d32e-483e-a620-68a26dfbca2c', '2024-11-27 00:00:00', 'Benzina', 'expense', 21.85, '20694efb-1182-4414-9885-e9e92eaf4d32'),
('71ab3cbf-7e8f-4f04-a161-f3248c83fb0c', '2024-10-25 00:00:00', 'Abbonamento Palestra', 'expense', 53.62, '20694efb-1182-4414-9885-e9e92eaf4d32'),
('45588de9-f2f4-410f-bd65-caab72fc0ca9', '2024-03-07 00:00:00', 'Benzina', 'expense', 34.6, '20694efb-1182-4414-9885-e9e92eaf4d32'),
('302aa901-fcc0-42c2-8a8e-9b5c88e7f654', '2025-02-21 00:00:00', 'Spesa', 'expense', 97.12, '20694efb-1182-4414-9885-e9e92eaf4d32'),
('d80e12dc-7cb5-418b-af67-c9219041aabe', '2024-06-05 00:00:00', 'Ristorante', 'expense', 31.08, '20694efb-1182-4414-9885-e9e92eaf4d32'),
('fb7594d4-71f6-4ed2-a518-9fb41eb347bc', '2025-03-07 00:00:00', 'Benzina', 'expense', 21.41, '20694efb-1182-4414-9885-e9e92eaf4d32'),
('8a0116d6-2964-400d-bc55-6ae205aa07e9', '2023-06-14 00:00:00', 'Cinema', 'expense', 26.76, '20694efb-1182-4414-9885-e9e92eaf4d32'),
('6f2ece59-23e8-40a6-9b71-279607c6275e', '2023-07-05 00:00:00', 'Benzina', 'expense', 23.03, '20694efb-1182-4414-9885-e9e92eaf4d32'),
('9477e995-524a-4f09-9f4b-bf117e3fd3af', '2025-01-18 00:00:00', 'Acquisti Online', 'expense', 157.17, '20694efb-1182-4414-9885-e9e92eaf4d32'),
('6379b67f-9ba8-442f-a67e-c5ee10f6ed71', '2025-02-16 00:00:00', 'Spesa', 'expense', 49.45, '20694efb-1182-4414-9885-e9e92eaf4d32'),
('bc1c702d-03c3-4583-b1ed-cbef214016ac', '2023-07-26 00:00:00', 'Abbonamento Palestra', 'expense', 27.72, '20694efb-1182-4414-9885-e9e92eaf4d32'),
('5006bef0-3de4-4063-8170-b42c9e6edf9a', '2023-11-30 00:00:00', 'Spesa', 'expense', 47.35, '20694efb-1182-4414-9885-e9e92eaf4d32'),
('b2a745d9-a5bd-4a17-b2cd-c8139a91bc3f', '2023-06-27 00:00:00', 'Stipendio', 'income', 2666.25, '20694efb-1182-4414-9885-e9e92eaf4d32'),
('77df53e4-0cc7-4e14-aee7-b1fe5856032c', '2024-09-24 00:00:00', 'Abbonamento Palestra', 'expense', 57.34, '20694efb-1182-4414-9885-e9e92eaf4d32'),
('9071b7a2-06e5-493e-90dd-0d2ba4ee22f8', '2023-08-18 00:00:00', 'Benzina', 'expense', 45.98, '20694efb-1182-4414-9885-e9e92eaf4d32'),
('bb33f8eb-5221-4d5d-a74b-a910ecc2d102', '2024-11-22 00:00:00', 'Pagamento Freelance', 'income', 779.85, '20694efb-1182-4414-9885-e9e92eaf4d32'),
('74327cab-60b2-42c7-918b-49ae4b3038fe', '2024-06-12 00:00:00', 'Spesa', 'expense', 58.55, '20694efb-1182-4414-9885-e9e92eaf4d32'),
('029c4aa6-d49f-42f6-82d7-b110d38a4169', '2025-03-24 00:00:00', 'Abbonamento Palestra', 'expense', 46.75, '20694efb-1182-4414-9885-e9e92eaf4d32'),
('a25ed7e9-321c-4293-89c4-fc097848d15c', '2024-07-14 00:00:00', 'Stipendio', 'income', 1776.68, '20694efb-1182-4414-9885-e9e92eaf4d32');
END IF;
END $$;
